,cat,pid,tid,latency_us,ts,ph,node,operator,args_thread_scheduling_stats,args_input_type_shape,args_parameter_size,args_activation_size,args_node_index,args_output_size,args_provider,args_output_type_shape
0,Session,11178,11178,53923,7,X,model_loading_uri,,,,,,,,,
1,Session,11178,11178,98919,53975,X,session_initialization,,,,,,,,,
2,Node,11178,11178,1,160943,X,FusedConv_nchwc_fence_before,Conv,,,,,,,,
3,Node,11178,11178,6956,160950,X,FusedConv_nchwc,Conv,"{'main_thread': {'thread_pool_name': 'intra-op', 'thread_id': '139998972729152', 'block_size': [1], 'core': 8, 'Distribution': 25, 'DistributionEnqueue': 23, 'Run': 5220, 'Wait': 1565, 'WaitRevoke': 1}, 'sub_threads': {'139996796700416': {'num_run': 1, 'core': 10}, '139996788307712': {'num_run': 1, 'core': 32}, '139996645697280': {'num_run': 1, 'core': 21}, '139996779915008': {'num_run': 1, 'core': 45}, '139996771522304': {'num_run': 1, 'core': 15}, '139996763129600': {'num_run': 1, 'core': 11}, '139996754736896': {'num_run': 1, 'core': 35}}}","[{'float': [1, 3, 1600, 1184]}, {'float': [32, 3, 3, 3]}, {'float': [32]}]",3584,22732800,119,60620800,CPUExecutionProvider,"[{'float': [1, 32, 800, 592]}]"
4,Node,11178,11178,0,167916,X,FusedConv_nchwc_fence_after,Conv,,,,,,,,
5,Node,11178,11178,0,167924,X,FusedConv_nchwc_gme_2_fence_before,Conv,,,,,,,,
6,Node,11178,11178,21859,167926,X,FusedConv_nchwc_gme_2,Conv,"{'main_thread': {'thread_pool_name': 'intra-op', 'thread_id': '139998972729152', 'block_size': [1], 'core': 8, 'Distribution': 2, 'DistributionEnqueue': 1, 'Run': 20815, 'Wait': 944, 'WaitRevoke': 1}, 'sub_threads': {'139996796700416': {'num_run': 2, 'core': 40}, '139996788307712': {'num_run': 2, 'core': 32}, '139996645697280': {'num_run': 2, 'core': 21}, '139996779915008': {'num_run': 2, 'core': 45}, '139996771522304': {'num_run': 2, 'core': 15}, '139996763129600': {'num_run': 2, 'core': 11}, '139996754736896': {'num_run': 2, 'core': 35}}}","[{'float': [1, 32, 800, 592]}, {'float': [32, 32, 3, 3]}, {'float': [32]}]",36992,60620800,120,60620800,CPUExecutionProvider,"[{'float': [1, 32, 800, 592]}]"
7,Node,11178,11178,0,189796,X,FusedConv_nchwc_gme_2_fence_after,Conv,,,,,,,,
8,Node,11178,11178,1,192630,X,FusedConv_nchwc_gme_5_fence_before,Conv,,,,,,,,
9,Node,11178,11178,42821,192638,X,FusedConv_nchwc_gme_5,Conv,"{'main_thread': {'thread_pool_name': 'intra-op', 'thread_id': '139998972729152', 'block_size': [1], 'core': 8, 'Distribution': 2, 'DistributionEnqueue': 1, 'Run': 41706, 'Wait': 1002, 'WaitRevoke': 1}, 'sub_threads': {'139996796700416': {'num_run': 3, 'core': 40}, '139996788307712': {'num_run': 3, 'core': 32}, '139996645697280': {'num_run': 3, 'core': 21}, '139996779915008': {'num_run': 3, 'core': 45}, '139996771522304': {'num_run': 3, 'core': 15}, '139996763129600': {'num_run': 3, 'core': 11}, '139996754736896': {'num_run': 3, 'core': 35}}}","[{'float': [1, 32, 800, 592]}, {'float': [64, 32, 3, 3]}, {'float': [64]}]",73984,60620800,121,121241600,CPUExecutionProvider,"[{'float': [1, 64, 800, 592]}]"
10,Node,11178,11178,0,235470,X,FusedConv_nchwc_gme_5_fence_after,Conv,,,,,,,,
11,Node,11178,11178,2,240190,X,MaxPool_nchwc_fence_before,MaxPool,,,,,,,,
12,Node,11178,11178,4693,240197,X,MaxPool_nchwc,MaxPool,"{'main_thread': {'thread_pool_name': 'intra-op', 'thread_id': '139998972729152', 'block_size': [1], 'core': 8, 'Distribution': 2, 'DistributionEnqueue': 0, 'Run': 4110, 'Wait': 431, 'WaitRevoke': 0}, 'sub_threads': {'139996796700416': {'num_run': 4, 'core': 40}, '139996788307712': {'num_run': 4, 'core': 32}, '139996645697280': {'num_run': 4, 'core': 21}, '139996779915008': {'num_run': 4, 'core': 45}, '139996771522304': {'num_run': 4, 'core': 15}, '139996763129600': {'num_run': 4, 'core': 11}, '139996754736896': {'num_run': 4, 'core': 35}}}","[{'float': [1, 64, 800, 592]}]",0,121241600,122,30310400,CPUExecutionProvider,"[{'float': [1, 64, 400, 296]}]"
13,Node,11178,11178,0,244902,X,MaxPool_nchwc_fence_after,MaxPool,,,,,,,,
14,Node,11178,11178,1,252072,X,FusedConv_nchwc_gme_11_fence_before,Conv,,,,,,,,
15,Node,11178,11178,19570,252079,X,FusedConv_nchwc_gme_11,Conv,"{'main_thread': {'thread_pool_name': 'intra-op', 'thread_id': '139998972729152', 'block_size': [1], 'core': 8, 'Distribution': 2, 'DistributionEnqueue': 1, 'Run': 19163, 'Wait': 299, 'WaitRevoke': 1}, 'sub_threads': {'139996796700416': {'num_run': 5, 'core': 40}, '139996788307712': {'num_run': 5, 'core': 32}, '139996645697280': {'num_run': 5, 'core': 21}, '139996779915008': {'num_run': 5, 'core': 45}, '139996771522304': {'num_run': 5, 'core': 15}, '139996763129600': {'num_run': 5, 'core': 11}, '139996754736896': {'num_run': 5, 'core': 35}}}","[{'float': [1, 64, 400, 296]}, {'float': [64, 64, 3, 3]}, {'float': [64]}]",147712,30310400,124,30310400,CPUExecutionProvider,"[{'float': [1, 64, 400, 296]}]"
16,Node,11178,11178,0,271658,X,FusedConv_nchwc_gme_11_fence_after,Conv,,,,,,,,
17,Node,11178,11178,0,271668,X,Conv_nchwc_gme_14_fence_before,Conv,,,,,,,,
18,Node,11178,11178,19352,271669,X,Conv_nchwc_gme_14,Conv,"{'main_thread': {'thread_pool_name': 'intra-op', 'thread_id': '139998972729152', 'block_size': [1], 'core': 8, 'Distribution': 1, 'DistributionEnqueue': 0, 'Run': 19177, 'Wait': 70, 'WaitRevoke': 1}, 'sub_threads': {'139996796700416': {'num_run': 6, 'core': 40}, '139996788307712': {'num_run': 6, 'core': 32}, '139996645697280': {'num_run': 6, 'core': 21}, '139996779915008': {'num_run': 6, 'core': 45}, '139996771522304': {'num_run': 6, 'core': 15}, '139996763129600': {'num_run': 6, 'core': 11}, '139996754736896': {'num_run': 6, 'core': 35}}}","[{'float': [1, 64, 400, 296]}, {'float': [64, 64, 3, 3]}, {'float': [64]}]",147712,30310400,125,30310400,CPUExecutionProvider,"[{'float': [1, 64, 400, 296]}]"
19,Node,11178,11178,0,291033,X,Conv_nchwc_gme_14_fence_after,Conv,,,,,,,,
20,Node,11178,11178,1,292798,X,Conv_nchwc_fence_before,Conv,,,,,,,,
21,Node,11178,11178,17841,292804,X,Conv_nchwc,Conv,"{'main_thread': {'thread_pool_name': 'intra-op', 'thread_id': '139998972729152', 'block_size': [1], 'core': 8, 'Distribution': 4, 'DistributionEnqueue': 1, 'Run': 1971, 'Wait': 16, 'WaitRevoke': 0}, 'sub_threads': {'139996796700416': {'num_run': 7, 'core': 40}, '139996788307712': {'num_run': 7, 'core': 32}, '139996645697280': {'num_run': 7, 'core': 21}, '139996779915008': {'num_run': 7, 'core': 45}, '139996771522304': {'num_run': 7, 'core': 15}, '139996763129600': {'num_run': 7, 'core': 11}, '139996754736896': {'num_run': 7, 'core': 35}}}","[{'float': [1, 64, 400, 296]}, {'float': [64, 64, 1, 1]}, {'float': [64]}, {'float': [1, 64, 400, 296]}]",16640,60620800,123,30310400,CPUExecutionProvider,"[{'float': [1, 64, 400, 296]}]"
22,Node,11178,11178,0,310657,X,Conv_nchwc_fence_after,Conv,,,,,,,,
23,Node,11178,11178,1,315146,X,FusedConv_nchwc_gme_17_fence_before,Conv,,,,,,,,
24,Node,11178,11178,19261,315152,X,FusedConv_nchwc_gme_17,Conv,"{'main_thread': {'thread_pool_name': 'intra-op', 'thread_id': '139998972729152', 'block_size': [1], 'core': 8, 'Distribution': 1, 'DistributionEnqueue': 0, 'Run': 18809, 'Wait': 334, 'WaitRevoke': 1}, 'sub_threads': {'139996796700416': {'num_run': 8, 'core': 40}, '139996788307712': {'num_run': 8, 'core': 32}, '139996645697280': {'num_run': 8, 'core': 21}, '139996779915008': {'num_run': 8, 'core': 45}, '139996771522304': {'num_run': 8, 'core': 15}, '139996763129600': {'num_run': 8, 'core': 11}, '139996754736896': {'num_run': 8, 'core': 35}}}","[{'float': [1, 64, 400, 296]}, {'float': [64, 64, 3, 3]}, {'float': [64]}]",147712,30310400,126,30310400,CPUExecutionProvider,"[{'float': [1, 64, 400, 296]}]"
25,Node,11178,11178,0,334426,X,FusedConv_nchwc_gme_17_fence_after,Conv,,,,,,,,
26,Node,11178,11178,0,334433,X,Conv_nchwc_gme_20_fence_before,Conv,,,,,,,,
27,Node,11178,11178,34104,334435,X,Conv_nchwc_gme_20,Conv,"{'main_thread': {'thread_pool_name': 'intra-op', 'thread_id': '139998972729152', 'block_size': [1], 'core': 8, 'Distribution': 4, 'DistributionEnqueue': 1, 'Run': 16471, 'Wait': 82, 'WaitRevoke': 1}, 'sub_threads': {'139996796700416': {'num_run': 9, 'core': 40}, '139996788307712': {'num_run': 9, 'core': 32}, '139996645697280': {'num_run': 9, 'core': 21}, '139996779915008': {'num_run': 9, 'core': 45}, '139996771522304': {'num_run': 9, 'core': 15}, '139996763129600': {'num_run': 9, 'core': 11}, '139996754736896': {'num_run': 9, 'core': 35}}}","[{'float': [1, 64, 400, 296]}, {'float': [64, 64, 3, 3]}, {'float': [64]}, {'float': [1, 64, 400, 296]}]",147712,60620800,127,30310400,CPUExecutionProvider,"[{'float': [1, 64, 400, 296]}]"
28,Node,11178,11178,0,368551,X,Conv_nchwc_gme_20_fence_after,Conv,,,,,,,,
29,Node,11178,11178,0,368562,X,FusedConv_nchwc_gme_27_fence_before,Conv,,,,,,,,
30,Node,11178,11178,8905,368564,X,FusedConv_nchwc_gme_27,Conv,"{'main_thread': {'thread_pool_name': 'intra-op', 'thread_id': '139998972729152', 'block_size': [1], 'core': 8, 'Distribution': 1, 'DistributionEnqueue': 0, 'Run': 8721, 'Wait': 111, 'WaitRevoke': 0}, 'sub_threads': {'139996796700416': {'num_run': 10, 'core': 40}, '139996788307712': {'num_run': 10, 'core': 32}, '139996645697280': {'num_run': 10, 'core': 21}, '139996779915008': {'num_run': 10, 'core': 45}, '139996771522304': {'num_run': 10, 'core': 15}, '139996763129600': {'num_run': 10, 'core': 11}, '139996754736896': {'num_run': 10, 'core': 35}}}","[{'float': [1, 64, 400, 296]}, {'float': [128, 64, 3, 3]}, {'float': [128]}]",295424,30310400,130,15155200,CPUExecutionProvider,"[{'float': [1, 128, 200, 148]}]"
31,Node,11178,11178,0,377478,X,FusedConv_nchwc_gme_27_fence_after,Conv,,,,,,,,
32,Node,11178,11178,0,377485,X,Conv_nchwc_gme_30_fence_before,Conv,,,,,,,,
33,Node,11178,11178,16721,377492,X,Conv_nchwc_gme_30,Conv,"{'main_thread': {'thread_pool_name': 'intra-op', 'thread_id': '139998972729152', 'block_size': [1], 'core': 8, 'Distribution': 1, 'DistributionEnqueue': 0, 'Run': 16490, 'Wait': 171, 'WaitRevoke': 0}, 'sub_threads': {'139996796700416': {'num_run': 11, 'core': 40}, '139996788307712': {'num_run': 11, 'core': 32}, '139996645697280': {'num_run': 11, 'core': 21}, '139996779915008': {'num_run': 11, 'core': 45}, '139996771522304': {'num_run': 11, 'core': 15}, '139996763129600': {'num_run': 11, 'core': 11}, '139996754736896': {'num_run': 11, 'core': 35}}}","[{'float': [1, 128, 200, 148]}, {'float': [128, 128, 3, 3]}, {'float': [128]}]",590336,15155200,131,15155200,CPUExecutionProvider,"[{'float': [1, 128, 200, 148]}]"
34,Node,11178,11178,0,394244,X,Conv_nchwc_gme_30_fence_after,Conv,,,,,,,,
35,Node,11178,11178,0,394254,X,Reshape_gme_33_fence_before,Reshape,,,,,,,,
36,Node,11178,11178,31,394255,X,Reshape_gme_33,Reshape,"{'main_thread': {'thread_pool_name': 'intra-op', 'thread_id': '139998972729152', 'block_size': [], 'core': 8, 'Distribution': 0, 'DistributionEnqueue': 0, 'Run': 0, 'Wait': 0, 'WaitRevoke': 0}, 'sub_threads': {'139996796700416': {'num_run': 11, 'core': 40}, '139996788307712': {'num_run': 11, 'core': 32}, '139996645697280': {'num_run': 11, 'core': 21}, '139996779915008': {'num_run': 11, 'core': 45}, '139996771522304': {'num_run': 11, 'core': 15}, '139996763129600': {'num_run': 11, 'core': 11}, '139996754736896': {'num_run': 11, 'core': 35}}}","[{'float': [1, 128, 200, 148]}, {'int64': [5]}]",40,15155200,133,15155200,CPUExecutionProvider,"[{'float': [1, 16, 200, 148, 8]}]"
37,Node,11178,11178,0,394291,X,Reshape_gme_33_fence_after,Reshape,,,,,,,,
38,Node,11178,11178,0,394293,X,AveragePool_nchwc_fence_before,AveragePool,,,,,,,,
39,Node,11178,11178,517,394294,X,AveragePool_nchwc,AveragePool,"{'main_thread': {'thread_pool_name': 'intra-op', 'thread_id': '139998972729152', 'block_size': [1], 'core': 8, 'Distribution': 1, 'DistributionEnqueue': 0, 'Run': 349, 'Wait': 135, 'WaitRevoke': 0}, 'sub_threads': {'139996796700416': {'num_run': 12, 'core': 40}, '139996788307712': {'num_run': 12, 'core': 32}, '139996645697280': {'num_run': 12, 'core': 21}, '139996779915008': {'num_run': 12, 'core': 45}, '139996771522304': {'num_run': 12, 'core': 15}, '139996763129600': {'num_run': 12, 'core': 11}, '139996754736896': {'num_run': 12, 'core': 35}}}","[{'float': [1, 64, 400, 296]}]",0,30310400,128,7577600,CPUExecutionProvider,"[{'float': [1, 64, 200, 148]}]"
40,Node,11178,11178,0,394815,X,AveragePool_nchwc_fence_after,AveragePool,,,,,,,,
41,Node,11178,11178,0,394818,X,Conv_nchwc_gme_24_fence_before,Conv,,,,,,,,
42,Node,11178,11178,1294,394819,X,Conv_nchwc_gme_24,Conv,"{'main_thread': {'thread_pool_name': 'intra-op', 'thread_id': '139998972729152', 'block_size': [1], 'core': 8, 'Distribution': 1, 'DistributionEnqueue': 0, 'Run': 1225, 'Wait': 0, 'WaitRevoke': 0}, 'sub_threads': {'139996796700416': {'num_run': 13, 'core': 40}, '139996788307712': {'num_run': 13, 'core': 32}, '139996645697280': {'num_run': 13, 'core': 21}, '139996779915008': {'num_run': 13, 'core': 45}, '139996771522304': {'num_run': 13, 'core': 15}, '139996763129600': {'num_run': 13, 'core': 11}, '139996754736896': {'num_run': 13, 'core': 35}}}","[{'float': [1, 64, 200, 148]}, {'float': [128, 64, 1, 1]}, {'float': [128]}]",33280,7577600,129,15155200,CPUExecutionProvider,"[{'float': [1, 128, 200, 148]}]"
43,Node,11178,11178,0,396120,X,Conv_nchwc_gme_24_fence_after,Conv,,,,,,,,
44,Node,11178,11178,0,396125,X,Reshape_fence_before,Reshape,,,,,,,,
45,Node,11178,11178,22,396126,X,Reshape,Reshape,"{'main_thread': {'thread_pool_name': 'intra-op', 'thread_id': '139998972729152', 'block_size': [], 'core': 8, 'Distribution': 0, 'DistributionEnqueue': 0, 'Run': 0, 'Wait': 0, 'WaitRevoke': 0}, 'sub_threads': {'139996796700416': {'num_run': 13, 'core': 40}, '139996788307712': {'num_run': 13, 'core': 32}, '139996645697280': {'num_run': 13, 'core': 21}, '139996779915008': {'num_run': 13, 'core': 45}, '139996771522304': {'num_run': 13, 'core': 15}, '139996763129600': {'num_run': 13, 'core': 11}, '139996754736896': {'num_run': 13, 'core': 35}}}","[{'float': [1, 128, 200, 148]}, {'int64': [5]}]",40,15155200,132,15155200,CPUExecutionProvider,"[{'float': [1, 16, 200, 148, 8]}]"
46,Node,11178,11178,0,396153,X,Reshape_fence_after,Reshape,,,,,,,,
47,Node,11178,11178,0,396155,X,Add_2_fence_before,Add,,,,,,,,
48,Node,11178,11178,1672,396156,X,Add_2,Add,"{'main_thread': {'thread_pool_name': 'intra-op', 'thread_id': '139998972729152', 'block_size': [118400], 'core': 8, 'Distribution': 1, 'DistributionEnqueue': 0, 'Run': 1580, 'Wait': 5, 'WaitRevoke': 0}, 'sub_threads': {'139996796700416': {'num_run': 14, 'core': 40}, '139996788307712': {'num_run': 14, 'core': 32}, '139996645697280': {'num_run': 14, 'core': 21}, '139996779915008': {'num_run': 14, 'core': 45}, '139996771522304': {'num_run': 14, 'core': 15}, '139996763129600': {'num_run': 14, 'core': 11}, '139996754736896': {'num_run': 14, 'core': 35}}}","[{'float': [1, 16, 200, 148, 8]}, {'float': [1, 16, 200, 148, 8]}]",0,30310400,34,15155200,CPUExecutionProvider,"[{'float': [1, 16, 200, 148, 8]}]"
49,Node,11178,11178,0,397858,X,Add_2_fence_after,Add,,,,,,,,
50,Node,11178,11178,0,397865,X,Reshape_gme_36_fence_before,Reshape,,,,,,,,
51,Node,11178,11178,28,397867,X,Reshape_gme_36,Reshape,"{'main_thread': {'thread_pool_name': 'intra-op', 'thread_id': '139998972729152', 'block_size': [], 'core': 8, 'Distribution': 0, 'DistributionEnqueue': 0, 'Run': 0, 'Wait': 0, 'WaitRevoke': 0}, 'sub_threads': {'139996796700416': {'num_run': 14, 'core': 40}, '139996788307712': {'num_run': 14, 'core': 32}, '139996645697280': {'num_run': 14, 'core': 21}, '139996779915008': {'num_run': 14, 'core': 45}, '139996771522304': {'num_run': 14, 'core': 15}, '139996763129600': {'num_run': 14, 'core': 11}, '139996754736896': {'num_run': 14, 'core': 35}}}","[{'float': [1, 16, 200, 148, 8]}, {'int64': [4]}]",32,15155200,134,15155200,CPUExecutionProvider,"[{'float': [1, 128, 200, 148]}]"
52,Node,11178,11178,0,397899,X,Reshape_gme_36_fence_after,Reshape,,,,,,,,
53,Node,11178,11178,0,397902,X,Relu_8_fence_before,Relu,,,,,,,,
54,Node,11178,11178,152,397903,X,Relu_8,Relu,"{'main_thread': {'thread_pool_name': 'intra-op', 'thread_id': '139998972729152', 'block_size': [118400], 'core': 8, 'Distribution': 1, 'DistributionEnqueue': 0, 'Run': 99, 'Wait': 23, 'WaitRevoke': 0}, 'sub_threads': {'139996796700416': {'num_run': 15, 'core': 40}, '139996788307712': {'num_run': 15, 'core': 32}, '139996645697280': {'num_run': 15, 'core': 21}, '139996779915008': {'num_run': 15, 'core': 45}, '139996771522304': {'num_run': 15, 'core': 15}, '139996763129600': {'num_run': 15, 'core': 11}, '139996754736896': {'num_run': 15, 'core': 35}}}","[{'float': [1, 128, 200, 148]}]",0,15155200,35,15155200,CPUExecutionProvider,"[{'float': [1, 128, 200, 148]}]"
55,Node,11178,11178,0,398059,X,Relu_8_fence_after,Relu,,,,,,,,
56,Node,11178,11178,0,398062,X,FusedConv_nchwc_gme_40_fence_before,Conv,,,,,,,,
57,Node,11178,11178,17037,398064,X,FusedConv_nchwc_gme_40,Conv,"{'main_thread': {'thread_pool_name': 'intra-op', 'thread_id': '139998972729152', 'block_size': [1], 'core': 8, 'Distribution': 0, 'DistributionEnqueue': 0, 'Run': 16719, 'Wait': 271, 'WaitRevoke': 0}, 'sub_threads': {'139996796700416': {'num_run': 16, 'core': 40}, '139996788307712': {'num_run': 16, 'core': 32}, '139996645697280': {'num_run': 16, 'core': 21}, '139996779915008': {'num_run': 16, 'core': 45}, '139996771522304': {'num_run': 16, 'core': 15}, '139996763129600': {'num_run': 16, 'core': 11}, '139996754736896': {'num_run': 16, 'core': 35}}}","[{'float': [1, 128, 200, 148]}, {'float': [128, 128, 3, 3]}, {'float': [128]}]",590336,15155200,135,15155200,CPUExecutionProvider,"[{'float': [1, 128, 200, 148]}]"
58,Node,11178,11178,0,415108,X,FusedConv_nchwc_gme_40_fence_after,Conv,,,,,,,,
59,Node,11178,11178,0,415113,X,Conv_nchwc_gme_43_fence_before,Conv,,,,,,,,
60,Node,11178,11178,25187,415114,X,Conv_nchwc_gme_43,Conv,"{'main_thread': {'thread_pool_name': 'intra-op', 'thread_id': '139998972729152', 'block_size': [1], 'core': 8, 'Distribution': 4, 'DistributionEnqueue': 1, 'Run': 16549, 'Wait': 74, 'WaitRevoke': 1}, 'sub_threads': {'139996796700416': {'num_run': 17, 'core': 40}, '139996788307712': {'num_run': 17, 'core': 32}, '139996645697280': {'num_run': 17, 'core': 21}, '139996779915008': {'num_run': 17, 'core': 45}, '139996771522304': {'num_run': 17, 'core': 15}, '139996763129600': {'num_run': 17, 'core': 11}, '139996754736896': {'num_run': 17, 'core': 35}}}","[{'float': [1, 128, 200, 148]}, {'float': [128, 128, 3, 3]}, {'float': [128]}, {'float': [1, 128, 200, 148]}]",590336,30310400,136,15155200,CPUExecutionProvider,"[{'float': [1, 128, 200, 148]}]"
61,Node,11178,11178,0,440312,X,Conv_nchwc_gme_43_fence_after,Conv,,,,,,,,
62,Node,11178,11178,0,440327,X,FusedConv_nchwc_gme_51_fence_before,Conv,,,,,,,,
63,Node,11178,11178,9148,440330,X,FusedConv_nchwc_gme_51,Conv,"{'main_thread': {'thread_pool_name': 'intra-op', 'thread_id': '139998972729152', 'block_size': [1], 'core': 8, 'Distribution': 1, 'DistributionEnqueue': 0, 'Run': 9010, 'Wait': 55, 'WaitRevoke': 1}, 'sub_threads': {'139996796700416': {'num_run': 18, 'core': 40}, '139996788307712': {'num_run': 18, 'core': 32}, '139996645697280': {'num_run': 18, 'core': 21}, '139996779915008': {'num_run': 18, 'core': 45}, '139996771522304': {'num_run': 18, 'core': 15}, '139996763129600': {'num_run': 18, 'core': 11}, '139996754736896': {'num_run': 18, 'core': 35}}}","[{'float': [1, 128, 200, 148]}, {'float': [256, 128, 3, 3]}, {'float': [256]}]",1180672,15155200,139,7577600,CPUExecutionProvider,"[{'float': [1, 256, 100, 74]}]"
64,Node,11178,11178,0,449488,X,FusedConv_nchwc_gme_51_fence_after,Conv,,,,,,,,
65,Node,11178,11178,0,449506,X,Conv_nchwc_gme_54_fence_before,Conv,,,,,,,,
66,Node,11178,11178,16924,449508,X,Conv_nchwc_gme_54,Conv,"{'main_thread': {'thread_pool_name': 'intra-op', 'thread_id': '139998972729152', 'block_size': [1], 'core': 8, 'Distribution': 1, 'DistributionEnqueue': 0, 'Run': 16740, 'Wait': 126, 'WaitRevoke': 0}, 'sub_threads': {'139996796700416': {'num_run': 19, 'core': 40}, '139996788307712': {'num_run': 19, 'core': 32}, '139996645697280': {'num_run': 19, 'core': 21}, '139996779915008': {'num_run': 19, 'core': 45}, '139996771522304': {'num_run': 19, 'core': 15}, '139996763129600': {'num_run': 19, 'core': 11}, '139996754736896': {'num_run': 19, 'core': 35}}}","[{'float': [1, 256, 100, 74]}, {'float': [256, 256, 3, 3]}, {'float': [256]}]",2360320,7577600,140,7577600,CPUExecutionProvider,"[{'float': [1, 256, 100, 74]}]"
67,Node,11178,11178,0,466439,X,Conv_nchwc_gme_54_fence_after,Conv,,,,,,,,
68,Node,11178,11178,0,466446,X,Reshape_gme_59_fence_before,Reshape,,,,,,,,
69,Node,11178,11178,24,466447,X,Reshape_gme_59,Reshape,"{'main_thread': {'thread_pool_name': 'intra-op', 'thread_id': '139998972729152', 'block_size': [], 'core': 8, 'Distribution': 0, 'DistributionEnqueue': 0, 'Run': 0, 'Wait': 0, 'WaitRevoke': 0}, 'sub_threads': {'139996796700416': {'num_run': 19, 'core': 40}, '139996788307712': {'num_run': 19, 'core': 32}, '139996645697280': {'num_run': 19, 'core': 21}, '139996779915008': {'num_run': 19, 'core': 45}, '139996771522304': {'num_run': 19, 'core': 15}, '139996763129600': {'num_run': 19, 'core': 11}, '139996754736896': {'num_run': 19, 'core': 35}}}","[{'float': [1, 256, 100, 74]}, {'int64': [5]}]",40,7577600,142,7577600,CPUExecutionProvider,"[{'float': [1, 32, 100, 74, 8]}]"
70,Node,11178,11178,0,466474,X,Reshape_gme_59_fence_after,Reshape,,,,,,,,
71,Node,11178,11178,0,466477,X,AveragePool_nchwc_gme_45_fence_before,AveragePool,,,,,,,,
72,Node,11178,11178,346,466478,X,AveragePool_nchwc_gme_45,AveragePool,"{'main_thread': {'thread_pool_name': 'intra-op', 'thread_id': '139998972729152', 'block_size': [1], 'core': 8, 'Distribution': 1, 'DistributionEnqueue': 0, 'Run': 270, 'Wait': 45, 'WaitRevoke': 0}, 'sub_threads': {'139996796700416': {'num_run': 20, 'core': 40}, '139996788307712': {'num_run': 20, 'core': 32}, '139996645697280': {'num_run': 20, 'core': 21}, '139996779915008': {'num_run': 20, 'core': 45}, '139996771522304': {'num_run': 20, 'core': 15}, '139996763129600': {'num_run': 20, 'core': 11}, '139996754736896': {'num_run': 20, 'core': 35}}}","[{'float': [1, 128, 200, 148]}]",0,15155200,137,3788800,CPUExecutionProvider,"[{'float': [1, 128, 100, 74]}]"
73,Node,11178,11178,0,466828,X,AveragePool_nchwc_gme_45_fence_after,AveragePool,,,,,,,,
74,Node,11178,11178,0,466830,X,Conv_nchwc_gme_48_fence_before,Conv,,,,,,,,
75,Node,11178,11178,1612,466831,X,Conv_nchwc_gme_48,Conv,"{'main_thread': {'thread_pool_name': 'intra-op', 'thread_id': '139998972729152', 'block_size': [1], 'core': 8, 'Distribution': 1, 'DistributionEnqueue': 0, 'Run': 1522, 'Wait': 17, 'WaitRevoke': 0}, 'sub_threads': {'139996796700416': {'num_run': 21, 'core': 40}, '139996788307712': {'num_run': 21, 'core': 32}, '139996645697280': {'num_run': 21, 'core': 21}, '139996779915008': {'num_run': 21, 'core': 45}, '139996771522304': {'num_run': 21, 'core': 15}, '139996763129600': {'num_run': 21, 'core': 11}, '139996754736896': {'num_run': 21, 'core': 35}}}","[{'float': [1, 128, 100, 74]}, {'float': [256, 128, 1, 1]}, {'float': [256]}]",132096,3788800,138,7577600,CPUExecutionProvider,"[{'float': [1, 256, 100, 74]}]"
76,Node,11178,11178,0,468449,X,Conv_nchwc_gme_48_fence_after,Conv,,,,,,,,
77,Node,11178,11178,0,468454,X,Reshape_gme_57_fence_before,Reshape,,,,,,,,
78,Node,11178,11178,21,468456,X,Reshape_gme_57,Reshape,"{'main_thread': {'thread_pool_name': 'intra-op', 'thread_id': '139998972729152', 'block_size': [], 'core': 8, 'Distribution': 0, 'DistributionEnqueue': 0, 'Run': 0, 'Wait': 0, 'WaitRevoke': 0}, 'sub_threads': {'139996796700416': {'num_run': 21, 'core': 40}, '139996788307712': {'num_run': 21, 'core': 32}, '139996645697280': {'num_run': 21, 'core': 21}, '139996779915008': {'num_run': 21, 'core': 45}, '139996771522304': {'num_run': 21, 'core': 15}, '139996763129600': {'num_run': 21, 'core': 11}, '139996754736896': {'num_run': 21, 'core': 35}}}","[{'float': [1, 256, 100, 74]}, {'int64': [5]}]",40,7577600,141,7577600,CPUExecutionProvider,"[{'float': [1, 32, 100, 74, 8]}]"
79,Node,11178,11178,0,468481,X,Reshape_gme_57_fence_after,Reshape,,,,,,,,
80,Node,11178,11178,0,468483,X,Add_4_fence_before,Add,,,,,,,,
81,Node,11178,11178,157,468484,X,Add_4,Add,"{'main_thread': {'thread_pool_name': 'intra-op', 'thread_id': '139998972729152', 'block_size': [59200], 'core': 8, 'Distribution': 0, 'DistributionEnqueue': 0, 'Run': 100, 'Wait': 23, 'WaitRevoke': 0}, 'sub_threads': {'139996796700416': {'num_run': 22, 'core': 40}, '139996788307712': {'num_run': 22, 'core': 32}, '139996645697280': {'num_run': 22, 'core': 21}, '139996779915008': {'num_run': 22, 'core': 45}, '139996771522304': {'num_run': 22, 'core': 15}, '139996763129600': {'num_run': 22, 'core': 11}, '139996754736896': {'num_run': 22, 'core': 35}}}","[{'float': [1, 32, 100, 74, 8]}, {'float': [1, 32, 100, 74, 8]}]",0,15155200,51,7577600,CPUExecutionProvider,"[{'float': [1, 32, 100, 74, 8]}]"
82,Node,11178,11178,0,468646,X,Add_4_fence_after,Add,,,,,,,,
83,Node,11178,11178,0,468649,X,Reshape_gme_61_fence_before,Reshape,,,,,,,,
84,Node,11178,11178,19,468650,X,Reshape_gme_61,Reshape,"{'main_thread': {'thread_pool_name': 'intra-op', 'thread_id': '139998972729152', 'block_size': [], 'core': 8, 'Distribution': 0, 'DistributionEnqueue': 0, 'Run': 0, 'Wait': 0, 'WaitRevoke': 0}, 'sub_threads': {'139996796700416': {'num_run': 22, 'core': 40}, '139996788307712': {'num_run': 22, 'core': 32}, '139996645697280': {'num_run': 22, 'core': 21}, '139996779915008': {'num_run': 22, 'core': 45}, '139996771522304': {'num_run': 22, 'core': 15}, '139996763129600': {'num_run': 22, 'core': 11}, '139996754736896': {'num_run': 22, 'core': 35}}}","[{'float': [1, 32, 100, 74, 8]}, {'int64': [4]}]",32,7577600,143,7577600,CPUExecutionProvider,"[{'float': [1, 256, 100, 74]}]"
85,Node,11178,11178,0,468674,X,Reshape_gme_61_fence_after,Reshape,,,,,,,,
86,Node,11178,11178,0,468676,X,Relu_12_fence_before,Relu,,,,,,,,
87,Node,11178,11178,126,468677,X,Relu_12,Relu,"{'main_thread': {'thread_pool_name': 'intra-op', 'thread_id': '139998972729152', 'block_size': [59200], 'core': 8, 'Distribution': 1, 'DistributionEnqueue': 0, 'Run': 50, 'Wait': 50, 'WaitRevoke': 0}, 'sub_threads': {'139996796700416': {'num_run': 23, 'core': 40}, '139996788307712': {'num_run': 23, 'core': 32}, '139996645697280': {'num_run': 23, 'core': 21}, '139996779915008': {'num_run': 23, 'core': 45}, '139996771522304': {'num_run': 23, 'core': 15}, '139996763129600': {'num_run': 23, 'core': 11}, '139996754736896': {'num_run': 23, 'core': 35}}}","[{'float': [1, 256, 100, 74]}]",0,7577600,52,7577600,CPUExecutionProvider,"[{'float': [1, 256, 100, 74]}]"
88,Node,11178,11178,0,468806,X,Relu_12_fence_after,Relu,,,,,,,,
89,Node,11178,11178,0,468809,X,FusedConv_nchwc_gme_65_fence_before,Conv,,,,,,,,
90,Node,11178,11178,16675,468810,X,FusedConv_nchwc_gme_65,Conv,"{'main_thread': {'thread_pool_name': 'intra-op', 'thread_id': '139998972729152', 'block_size': [1], 'core': 8, 'Distribution': 0, 'DistributionEnqueue': 0, 'Run': 16524, 'Wait': 111, 'WaitRevoke': 0}, 'sub_threads': {'139996796700416': {'num_run': 24, 'core': 40}, '139996788307712': {'num_run': 24, 'core': 32}, '139996645697280': {'num_run': 24, 'core': 21}, '139996779915008': {'num_run': 24, 'core': 45}, '139996771522304': {'num_run': 24, 'core': 15}, '139996763129600': {'num_run': 24, 'core': 11}, '139996754736896': {'num_run': 24, 'core': 35}}}","[{'float': [1, 256, 100, 74]}, {'float': [256, 256, 3, 3]}, {'float': [256]}]",2360320,7577600,144,7577600,CPUExecutionProvider,"[{'float': [1, 256, 100, 74]}]"
91,Node,11178,11178,0,485492,X,FusedConv_nchwc_gme_65_fence_after,Conv,,,,,,,,
92,Node,11178,11178,0,485495,X,Conv_nchwc_gme_68_fence_before,Conv,,,,,,,,
93,Node,11178,11178,18096,485496,X,Conv_nchwc_gme_68,Conv,"{'main_thread': {'thread_pool_name': 'intra-op', 'thread_id': '139998972729152', 'block_size': [1], 'core': 8, 'Distribution': 3, 'DistributionEnqueue': 1, 'Run': 16551, 'Wait': 202, 'WaitRevoke': 0}, 'sub_threads': {'139996796700416': {'num_run': 25, 'core': 40}, '139996788307712': {'num_run': 25, 'core': 32}, '139996645697280': {'num_run': 25, 'core': 21}, '139996779915008': {'num_run': 25, 'core': 45}, '139996771522304': {'num_run': 25, 'core': 15}, '139996763129600': {'num_run': 25, 'core': 11}, '139996754736896': {'num_run': 25, 'core': 35}}}","[{'float': [1, 256, 100, 74]}, {'float': [256, 256, 3, 3]}, {'float': [256]}, {'float': [1, 256, 100, 74]}]",2360320,15155200,145,7577600,CPUExecutionProvider,"[{'float': [1, 256, 100, 74]}]"
94,Node,11178,11178,0,503602,X,Conv_nchwc_gme_68_fence_after,Conv,,,,,,,,
95,Node,11178,11178,0,503612,X,FusedConv_nchwc_gme_76_fence_before,Conv,,,,,,,,
96,Node,11178,11178,9000,503614,X,FusedConv_nchwc_gme_76,Conv,"{'main_thread': {'thread_pool_name': 'intra-op', 'thread_id': '139998972729152', 'block_size': [1], 'core': 8, 'Distribution': 1, 'DistributionEnqueue': 0, 'Run': 8717, 'Wait': 219, 'WaitRevoke': 0}, 'sub_threads': {'139996796700416': {'num_run': 26, 'core': 40}, '139996788307712': {'num_run': 26, 'core': 32}, '139996645697280': {'num_run': 26, 'core': 21}, '139996779915008': {'num_run': 26, 'core': 45}, '139996771522304': {'num_run': 26, 'core': 15}, '139996763129600': {'num_run': 26, 'core': 11}, '139996754736896': {'num_run': 26, 'core': 35}}}","[{'float': [1, 256, 100, 74]}, {'float': [512, 256, 3, 3]}, {'float': [512]}]",4720640,7577600,148,3788800,CPUExecutionProvider,"[{'float': [1, 512, 50, 37]}]"
97,Node,11178,11178,0,512621,X,FusedConv_nchwc_gme_76_fence_after,Conv,,,,,,,,
98,Node,11178,11178,0,512627,X,Conv_nchwc_gme_79_fence_before,Conv,,,,,,,,
99,Node,11178,11178,17046,512628,X,Conv_nchwc_gme_79,Conv,"{'main_thread': {'thread_pool_name': 'intra-op', 'thread_id': '139998972729152', 'block_size': [1], 'core': 8, 'Distribution': 1, 'DistributionEnqueue': 0, 'Run': 16960, 'Wait': 28, 'WaitRevoke': 0}, 'sub_threads': {'139996796700416': {'num_run': 27, 'core': 40}, '139996788307712': {'num_run': 27, 'core': 32}, '139996645697280': {'num_run': 27, 'core': 21}, '139996779915008': {'num_run': 27, 'core': 45}, '139996771522304': {'num_run': 27, 'core': 15}, '139996763129600': {'num_run': 27, 'core': 11}, '139996754736896': {'num_run': 27, 'core': 35}}}","[{'float': [1, 512, 50, 37]}, {'float': [512, 512, 3, 3]}, {'float': [512]}]",9439232,3788800,149,3788800,CPUExecutionProvider,"[{'float': [1, 512, 50, 37]}]"
100,Node,11178,11178,0,529681,X,Conv_nchwc_gme_79_fence_after,Conv,,,,,,,,
101,Node,11178,11178,1,529690,X,Reshape_gme_84_fence_before,Reshape,,,,,,,,
102,Node,11178,11178,25,529693,X,Reshape_gme_84,Reshape,"{'main_thread': {'thread_pool_name': 'intra-op', 'thread_id': '139998972729152', 'block_size': [], 'core': 8, 'Distribution': 0, 'DistributionEnqueue': 0, 'Run': 0, 'Wait': 0, 'WaitRevoke': 0}, 'sub_threads': {'139996796700416': {'num_run': 27, 'core': 40}, '139996788307712': {'num_run': 27, 'core': 32}, '139996645697280': {'num_run': 27, 'core': 21}, '139996779915008': {'num_run': 27, 'core': 45}, '139996771522304': {'num_run': 27, 'core': 15}, '139996763129600': {'num_run': 27, 'core': 11}, '139996754736896': {'num_run': 27, 'core': 35}}}","[{'float': [1, 512, 50, 37]}, {'int64': [5]}]",40,3788800,151,3788800,CPUExecutionProvider,"[{'float': [1, 64, 50, 37, 8]}]"
103,Node,11178,11178,0,529721,X,Reshape_gme_84_fence_after,Reshape,,,,,,,,
104,Node,11178,11178,0,529723,X,AveragePool_nchwc_gme_70_fence_before,AveragePool,,,,,,,,
105,Node,11178,11178,166,529724,X,AveragePool_nchwc_gme_70,AveragePool,"{'main_thread': {'thread_pool_name': 'intra-op', 'thread_id': '139998972729152', 'block_size': [1], 'core': 8, 'Distribution': 1, 'DistributionEnqueue': 0, 'Run': 116, 'Wait': 11, 'WaitRevoke': 0}, 'sub_threads': {'139996796700416': {'num_run': 28, 'core': 40}, '139996788307712': {'num_run': 28, 'core': 32}, '139996645697280': {'num_run': 28, 'core': 21}, '139996779915008': {'num_run': 28, 'core': 45}, '139996771522304': {'num_run': 28, 'core': 15}, '139996763129600': {'num_run': 28, 'core': 11}, '139996754736896': {'num_run': 28, 'core': 35}}}","[{'float': [1, 256, 100, 74]}]",0,7577600,146,1894400,CPUExecutionProvider,"[{'float': [1, 256, 50, 37]}]"
106,Node,11178,11178,0,529897,X,AveragePool_nchwc_gme_70_fence_after,AveragePool,,,,,,,,
107,Node,11178,11178,0,529900,X,Conv_nchwc_gme_73_fence_before,Conv,,,,,,,,
108,Node,11178,11178,1350,529901,X,Conv_nchwc_gme_73,Conv,"{'main_thread': {'thread_pool_name': 'intra-op', 'thread_id': '139998972729152', 'block_size': [1], 'core': 8, 'Distribution': 1, 'DistributionEnqueue': 0, 'Run': 1279, 'Wait': 1, 'WaitRevoke': 0}, 'sub_threads': {'139996796700416': {'num_run': 29, 'core': 40}, '139996788307712': {'num_run': 29, 'core': 32}, '139996645697280': {'num_run': 29, 'core': 21}, '139996779915008': {'num_run': 29, 'core': 45}, '139996771522304': {'num_run': 29, 'core': 15}, '139996763129600': {'num_run': 29, 'core': 11}, '139996754736896': {'num_run': 29, 'core': 35}}}","[{'float': [1, 256, 50, 37]}, {'float': [512, 256, 1, 1]}, {'float': [512]}]",526336,1894400,147,3788800,CPUExecutionProvider,"[{'float': [1, 512, 50, 37]}]"
109,Node,11178,11178,0,531258,X,Conv_nchwc_gme_73_fence_after,Conv,,,,,,,,
110,Node,11178,11178,0,531263,X,Reshape_gme_82_fence_before,Reshape,,,,,,,,
111,Node,11178,11178,23,531264,X,Reshape_gme_82,Reshape,"{'main_thread': {'thread_pool_name': 'intra-op', 'thread_id': '139998972729152', 'block_size': [], 'core': 8, 'Distribution': 0, 'DistributionEnqueue': 0, 'Run': 0, 'Wait': 0, 'WaitRevoke': 0}, 'sub_threads': {'139996796700416': {'num_run': 29, 'core': 40}, '139996788307712': {'num_run': 29, 'core': 32}, '139996645697280': {'num_run': 29, 'core': 21}, '139996779915008': {'num_run': 29, 'core': 45}, '139996771522304': {'num_run': 29, 'core': 15}, '139996763129600': {'num_run': 29, 'core': 11}, '139996754736896': {'num_run': 29, 'core': 35}}}","[{'float': [1, 512, 50, 37]}, {'int64': [5]}]",40,3788800,150,3788800,CPUExecutionProvider,"[{'float': [1, 64, 50, 37, 8]}]"
112,Node,11178,11178,0,531291,X,Reshape_gme_82_fence_after,Reshape,,,,,,,,
113,Node,11178,11178,0,531293,X,Add_6_fence_before,Add,,,,,,,,
114,Node,11178,11178,82,531294,X,Add_6,Add,"{'main_thread': {'thread_pool_name': 'intra-op', 'thread_id': '139998972729152', 'block_size': [29600], 'core': 8, 'Distribution': 1, 'DistributionEnqueue': 0, 'Run': 43, 'Wait': 7, 'WaitRevoke': 0}, 'sub_threads': {'139996796700416': {'num_run': 30, 'core': 40}, '139996788307712': {'num_run': 30, 'core': 32}, '139996645697280': {'num_run': 30, 'core': 21}, '139996779915008': {'num_run': 30, 'core': 45}, '139996771522304': {'num_run': 30, 'core': 15}, '139996763129600': {'num_run': 30, 'core': 11}, '139996754736896': {'num_run': 30, 'core': 35}}}","[{'float': [1, 64, 50, 37, 8]}, {'float': [1, 64, 50, 37, 8]}]",0,7577600,68,3788800,CPUExecutionProvider,"[{'float': [1, 64, 50, 37, 8]}]"
115,Node,11178,11178,0,531379,X,Add_6_fence_after,Add,,,,,,,,
116,Node,11178,11178,0,531383,X,Reshape_gme_86_fence_before,Reshape,,,,,,,,
117,Node,11178,11178,21,531384,X,Reshape_gme_86,Reshape,"{'main_thread': {'thread_pool_name': 'intra-op', 'thread_id': '139998972729152', 'block_size': [], 'core': 8, 'Distribution': 0, 'DistributionEnqueue': 0, 'Run': 0, 'Wait': 0, 'WaitRevoke': 0}, 'sub_threads': {'139996796700416': {'num_run': 30, 'core': 40}, '139996788307712': {'num_run': 30, 'core': 32}, '139996645697280': {'num_run': 30, 'core': 21}, '139996779915008': {'num_run': 30, 'core': 45}, '139996771522304': {'num_run': 30, 'core': 15}, '139996763129600': {'num_run': 30, 'core': 11}, '139996754736896': {'num_run': 30, 'core': 35}}}","[{'float': [1, 64, 50, 37, 8]}, {'int64': [4]}]",32,3788800,152,3788800,CPUExecutionProvider,"[{'float': [1, 512, 50, 37]}]"
118,Node,11178,11178,0,531408,X,Reshape_gme_86_fence_after,Reshape,,,,,,,,
119,Node,11178,11178,0,531411,X,Relu_16_fence_before,Relu,,,,,,,,
120,Node,11178,11178,74,531412,X,Relu_16,Relu,"{'main_thread': {'thread_pool_name': 'intra-op', 'thread_id': '139998972729152', 'block_size': [29600], 'core': 8, 'Distribution': 1, 'DistributionEnqueue': 0, 'Run': 48, 'Wait': 1, 'WaitRevoke': 0}, 'sub_threads': {'139996796700416': {'num_run': 31, 'core': 40}, '139996788307712': {'num_run': 31, 'core': 32}, '139996645697280': {'num_run': 31, 'core': 21}, '139996779915008': {'num_run': 31, 'core': 45}, '139996771522304': {'num_run': 31, 'core': 15}, '139996763129600': {'num_run': 31, 'core': 11}, '139996754736896': {'num_run': 31, 'core': 35}}}","[{'float': [1, 512, 50, 37]}]",0,3788800,69,3788800,CPUExecutionProvider,"[{'float': [1, 512, 50, 37]}]"
121,Node,11178,11178,0,531490,X,Relu_16_fence_after,Relu,,,,,,,,
122,Node,11178,11178,0,531492,X,FusedConv_nchwc_gme_90_fence_before,Conv,,,,,,,,
123,Node,11178,11178,17205,531494,X,FusedConv_nchwc_gme_90,Conv,"{'main_thread': {'thread_pool_name': 'intra-op', 'thread_id': '139998972729152', 'block_size': [1], 'core': 8, 'Distribution': 0, 'DistributionEnqueue': 0, 'Run': 17122, 'Wait': 38, 'WaitRevoke': 0}, 'sub_threads': {'139996796700416': {'num_run': 32, 'core': 40}, '139996788307712': {'num_run': 32, 'core': 32}, '139996645697280': {'num_run': 32, 'core': 21}, '139996779915008': {'num_run': 32, 'core': 45}, '139996771522304': {'num_run': 32, 'core': 15}, '139996763129600': {'num_run': 32, 'core': 11}, '139996754736896': {'num_run': 32, 'core': 35}}}","[{'float': [1, 512, 50, 37]}, {'float': [512, 512, 3, 3]}, {'float': [512]}]",9439232,3788800,153,3788800,CPUExecutionProvider,"[{'float': [1, 512, 50, 37]}]"
124,Node,11178,11178,0,548705,X,FusedConv_nchwc_gme_90_fence_after,Conv,,,,,,,,
125,Node,11178,11178,0,548709,X,Conv_nchwc_gme_93_fence_before,Conv,,,,,,,,
126,Node,11178,11178,17765,548711,X,Conv_nchwc_gme_93,Conv,"{'main_thread': {'thread_pool_name': 'intra-op', 'thread_id': '139998972729152', 'block_size': [1], 'core': 8, 'Distribution': 2, 'DistributionEnqueue': 1, 'Run': 16957, 'Wait': 24, 'WaitRevoke': 0}, 'sub_threads': {'139996796700416': {'num_run': 33, 'core': 40}, '139996788307712': {'num_run': 33, 'core': 32}, '139996645697280': {'num_run': 33, 'core': 21}, '139996779915008': {'num_run': 33, 'core': 45}, '139996771522304': {'num_run': 33, 'core': 15}, '139996763129600': {'num_run': 33, 'core': 11}, '139996754736896': {'num_run': 33, 'core': 35}}}","[{'float': [1, 512, 50, 37]}, {'float': [512, 512, 3, 3]}, {'float': [512]}, {'float': [1, 512, 50, 37]}]",9439232,7577600,154,3788800,CPUExecutionProvider,"[{'float': [1, 512, 50, 37]}]"
127,Node,11178,11178,0,566483,X,Conv_nchwc_gme_93_fence_after,Conv,,,,,,,,
128,Node,11178,11178,0,566491,X,Conv_nchwc_gme_96_fence_before,Conv,,,,,,,,
129,Node,11178,11178,1451,566516,X,Conv_nchwc_gme_96,Conv,"{'main_thread': {'thread_pool_name': 'intra-op', 'thread_id': '139998972729152', 'block_size': [1], 'core': 8, 'Distribution': 1, 'DistributionEnqueue': 0, 'Run': 1242, 'Wait': 165, 'WaitRevoke': 0}, 'sub_threads': {'139996796700416': {'num_run': 34, 'core': 40}, '139996788307712': {'num_run': 34, 'core': 32}, '139996645697280': {'num_run': 34, 'core': 21}, '139996779915008': {'num_run': 34, 'core': 45}, '139996771522304': {'num_run': 34, 'core': 15}, '139996763129600': {'num_run': 34, 'core': 11}, '139996754736896': {'num_run': 34, 'core': 35}}}","[{'float': [1, 512, 50, 37]}, {'float': [256, 512, 1, 1]}]",524288,3788800,155,1894400,CPUExecutionProvider,"[{'float': [1, 256, 50, 37]}]"
130,Node,11178,11178,0,567974,X,Conv_nchwc_gme_96_fence_after,Conv,,,,,,,,
131,Node,11178,11178,0,567979,X,Resize_nchwc_fence_before,Upsample,,,,,,,,
132,Node,11178,11178,1782,567981,X,Resize_nchwc,Upsample,"{'main_thread': {'thread_pool_name': 'intra-op', 'thread_id': '139998972729152', 'block_size': [], 'core': 8, 'Distribution': 0, 'DistributionEnqueue': 0, 'Run': 0, 'Wait': 0, 'WaitRevoke': 0}, 'sub_threads': {'139996796700416': {'num_run': 34, 'core': 40}, '139996788307712': {'num_run': 34, 'core': 32}, '139996645697280': {'num_run': 34, 'core': 21}, '139996779915008': {'num_run': 34, 'core': 45}, '139996771522304': {'num_run': 34, 'core': 15}, '139996763129600': {'num_run': 34, 'core': 11}, '139996754736896': {'num_run': 34, 'core': 35}}}","[{'float': [1, 256, 50, 37]}]",0,1894400,156,7577600,CPUExecutionProvider,"[{'float': [1, 256, 100, 74]}]"
133,Node,11178,11178,0,569770,X,Resize_nchwc_fence_after,Upsample,,,,,,,,
134,Node,11178,11178,0,569775,X,Reshape_gme_105_fence_before,Reshape,,,,,,,,
135,Node,11178,11178,23,569776,X,Reshape_gme_105,Reshape,"{'main_thread': {'thread_pool_name': 'intra-op', 'thread_id': '139998972729152', 'block_size': [], 'core': 8, 'Distribution': 0, 'DistributionEnqueue': 0, 'Run': 0, 'Wait': 0, 'WaitRevoke': 0}, 'sub_threads': {'139996796700416': {'num_run': 34, 'core': 40}, '139996788307712': {'num_run': 34, 'core': 32}, '139996645697280': {'num_run': 34, 'core': 21}, '139996779915008': {'num_run': 34, 'core': 45}, '139996771522304': {'num_run': 34, 'core': 15}, '139996763129600': {'num_run': 34, 'core': 11}, '139996754736896': {'num_run': 34, 'core': 35}}}","[{'float': [1, 256, 100, 74]}, {'int64': [5]}]",40,7577600,159,7577600,CPUExecutionProvider,"[{'float': [1, 32, 100, 74, 8]}]"
136,Node,11178,11178,0,569803,X,Reshape_gme_105_fence_after,Reshape,,,,,,,,
137,Node,11178,11178,0,569805,X,Conv_nchwc_gme_100_fence_before,Conv,,,,,,,,
138,Node,11178,11178,2561,569806,X,Conv_nchwc_gme_100,Conv,"{'main_thread': {'thread_pool_name': 'intra-op', 'thread_id': '139998972729152', 'block_size': [1], 'core': 8, 'Distribution': 1, 'DistributionEnqueue': 0, 'Run': 2353, 'Wait': 164, 'WaitRevoke': 1}, 'sub_threads': {'139996796700416': {'num_run': 35, 'core': 40}, '139996788307712': {'num_run': 35, 'core': 32}, '139996645697280': {'num_run': 35, 'core': 21}, '139996779915008': {'num_run': 35, 'core': 45}, '139996771522304': {'num_run': 35, 'core': 15}, '139996763129600': {'num_run': 35, 'core': 11}, '139996754736896': {'num_run': 35, 'core': 35}}}","[{'float': [1, 256, 100, 74]}, {'float': [256, 256, 1, 1]}]",262144,7577600,157,7577600,CPUExecutionProvider,"[{'float': [1, 256, 100, 74]}]"
139,Node,11178,11178,0,572373,X,Conv_nchwc_gme_100_fence_after,Conv,,,,,,,,
140,Node,11178,11178,0,572379,X,Reshape_gme_103_fence_before,Reshape,,,,,,,,
141,Node,11178,11178,21,572381,X,Reshape_gme_103,Reshape,"{'main_thread': {'thread_pool_name': 'intra-op', 'thread_id': '139998972729152', 'block_size': [], 'core': 8, 'Distribution': 0, 'DistributionEnqueue': 0, 'Run': 0, 'Wait': 0, 'WaitRevoke': 0}, 'sub_threads': {'139996796700416': {'num_run': 35, 'core': 40}, '139996788307712': {'num_run': 35, 'core': 32}, '139996645697280': {'num_run': 35, 'core': 21}, '139996779915008': {'num_run': 35, 'core': 45}, '139996771522304': {'num_run': 35, 'core': 15}, '139996763129600': {'num_run': 35, 'core': 11}, '139996754736896': {'num_run': 35, 'core': 35}}}","[{'float': [1, 256, 100, 74]}, {'int64': [5]}]",40,7577600,158,7577600,CPUExecutionProvider,"[{'float': [1, 32, 100, 74, 8]}]"
142,Node,11178,11178,0,572405,X,Reshape_gme_103_fence_after,Reshape,,,,,,,,
143,Node,11178,11178,0,572407,X,Add_8_fence_before,Add,,,,,,,,
144,Node,11178,11178,347,572408,X,Add_8,Add,"{'main_thread': {'thread_pool_name': 'intra-op', 'thread_id': '139998972729152', 'block_size': [59200], 'core': 8, 'Distribution': 1, 'DistributionEnqueue': 0, 'Run': 276, 'Wait': 35, 'WaitRevoke': 0}, 'sub_threads': {'139996796700416': {'num_run': 36, 'core': 40}, '139996788307712': {'num_run': 36, 'core': 32}, '139996645697280': {'num_run': 36, 'core': 21}, '139996779915008': {'num_run': 36, 'core': 45}, '139996771522304': {'num_run': 36, 'core': 15}, '139996763129600': {'num_run': 36, 'core': 11}, '139996754736896': {'num_run': 36, 'core': 35}}}","[{'float': [1, 32, 100, 74, 8]}, {'float': [1, 32, 100, 74, 8]}]",0,15155200,82,7577600,CPUExecutionProvider,"[{'float': [1, 32, 100, 74, 8]}]"
145,Node,11178,11178,0,572759,X,Add_8_fence_after,Add,,,,,,,,
146,Node,11178,11178,0,572762,X,Reshape_gme_107_fence_before,Reshape,,,,,,,,
147,Node,11178,11178,21,572764,X,Reshape_gme_107,Reshape,"{'main_thread': {'thread_pool_name': 'intra-op', 'thread_id': '139998972729152', 'block_size': [], 'core': 8, 'Distribution': 0, 'DistributionEnqueue': 0, 'Run': 0, 'Wait': 0, 'WaitRevoke': 0}, 'sub_threads': {'139996796700416': {'num_run': 36, 'core': 40}, '139996788307712': {'num_run': 36, 'core': 32}, '139996645697280': {'num_run': 36, 'core': 21}, '139996779915008': {'num_run': 36, 'core': 45}, '139996771522304': {'num_run': 36, 'core': 15}, '139996763129600': {'num_run': 36, 'core': 11}, '139996754736896': {'num_run': 36, 'core': 35}}}","[{'float': [1, 32, 100, 74, 8]}, {'int64': [4]}]",32,7577600,160,7577600,CPUExecutionProvider,"[{'float': [1, 256, 100, 74]}]"
148,Node,11178,11178,0,572788,X,Reshape_gme_107_fence_after,Reshape,,,,,,,,
149,Node,11178,11178,0,572790,X,Resize_nchwc_gme_109_fence_before,Upsample,,,,,,,,
150,Node,11178,11178,14306,572791,X,Resize_nchwc_gme_109,Upsample,"{'main_thread': {'thread_pool_name': 'intra-op', 'thread_id': '139998972729152', 'block_size': [], 'core': 8, 'Distribution': 0, 'DistributionEnqueue': 0, 'Run': 0, 'Wait': 0, 'WaitRevoke': 0}, 'sub_threads': {'139996796700416': {'num_run': 36, 'core': 40}, '139996788307712': {'num_run': 36, 'core': 32}, '139996645697280': {'num_run': 36, 'core': 21}, '139996779915008': {'num_run': 36, 'core': 45}, '139996771522304': {'num_run': 36, 'core': 15}, '139996763129600': {'num_run': 36, 'core': 11}, '139996754736896': {'num_run': 36, 'core': 35}}}","[{'float': [1, 256, 100, 74]}]",0,7577600,161,30310400,CPUExecutionProvider,"[{'float': [1, 256, 200, 148]}]"
151,Node,11178,11178,0,587106,X,Resize_nchwc_gme_109_fence_after,Upsample,,,,,,,,
152,Node,11178,11178,0,587114,X,Reshape_gme_117_fence_before,Reshape,,,,,,,,
153,Node,11178,11178,25,587116,X,Reshape_gme_117,Reshape,"{'main_thread': {'thread_pool_name': 'intra-op', 'thread_id': '139998972729152', 'block_size': [], 'core': 8, 'Distribution': 0, 'DistributionEnqueue': 0, 'Run': 0, 'Wait': 0, 'WaitRevoke': 0}, 'sub_threads': {'139996796700416': {'num_run': 36, 'core': 40}, '139996788307712': {'num_run': 36, 'core': 32}, '139996645697280': {'num_run': 36, 'core': 21}, '139996779915008': {'num_run': 36, 'core': 45}, '139996771522304': {'num_run': 36, 'core': 15}, '139996763129600': {'num_run': 36, 'core': 11}, '139996754736896': {'num_run': 36, 'core': 35}}}","[{'float': [1, 256, 200, 148]}, {'int64': [5]}]",40,30310400,164,30310400,CPUExecutionProvider,"[{'float': [1, 32, 200, 148, 8]}]"
154,Node,11178,11178,0,587144,X,Reshape_gme_117_fence_after,Reshape,,,,,,,,
155,Node,11178,11178,0,587147,X,Conv_nchwc_gme_112_fence_before,Conv,,,,,,,,
156,Node,11178,11178,7060,587147,X,Conv_nchwc_gme_112,Conv,"{'main_thread': {'thread_pool_name': 'intra-op', 'thread_id': '139998972729152', 'block_size': [1], 'core': 8, 'Distribution': 2, 'DistributionEnqueue': 1, 'Run': 6925, 'Wait': 38, 'WaitRevoke': 1}, 'sub_threads': {'139996796700416': {'num_run': 37, 'core': 40}, '139996788307712': {'num_run': 37, 'core': 32}, '139996645697280': {'num_run': 37, 'core': 21}, '139996779915008': {'num_run': 37, 'core': 45}, '139996771522304': {'num_run': 37, 'core': 15}, '139996763129600': {'num_run': 37, 'core': 11}, '139996754736896': {'num_run': 37, 'core': 35}}}","[{'float': [1, 128, 200, 148]}, {'float': [256, 128, 1, 1]}]",131072,15155200,162,30310400,CPUExecutionProvider,"[{'float': [1, 256, 200, 148]}]"
157,Node,11178,11178,1,594242,X,Conv_nchwc_gme_112_fence_after,Conv,,,,,,,,
158,Node,11178,11178,1,594256,X,Reshape_gme_115_fence_before,Reshape,,,,,,,,
159,Node,11178,11178,33,594259,X,Reshape_gme_115,Reshape,"{'main_thread': {'thread_pool_name': 'intra-op', 'thread_id': '139998972729152', 'block_size': [], 'core': 8, 'Distribution': 0, 'DistributionEnqueue': 0, 'Run': 0, 'Wait': 0, 'WaitRevoke': 0}, 'sub_threads': {'139996796700416': {'num_run': 37, 'core': 40}, '139996788307712': {'num_run': 37, 'core': 32}, '139996645697280': {'num_run': 37, 'core': 21}, '139996779915008': {'num_run': 37, 'core': 45}, '139996771522304': {'num_run': 37, 'core': 15}, '139996763129600': {'num_run': 37, 'core': 11}, '139996754736896': {'num_run': 37, 'core': 35}}}","[{'float': [1, 256, 200, 148]}, {'int64': [5]}]",40,30310400,163,30310400,CPUExecutionProvider,"[{'float': [1, 32, 200, 148, 8]}]"
160,Node,11178,11178,0,594296,X,Reshape_gme_115_fence_after,Reshape,,,,,,,,
161,Node,11178,11178,0,594298,X,Add_9_fence_before,Add,,,,,,,,
162,Node,11178,11178,3452,594299,X,Add_9,Add,"{'main_thread': {'thread_pool_name': 'intra-op', 'thread_id': '139998972729152', 'block_size': [236800], 'core': 8, 'Distribution': 2, 'DistributionEnqueue': 1, 'Run': 3312, 'Wait': 50, 'WaitRevoke': 0}, 'sub_threads': {'139996796700416': {'num_run': 38, 'core': 40}, '139996788307712': {'num_run': 38, 'core': 32}, '139996645697280': {'num_run': 38, 'core': 21}, '139996779915008': {'num_run': 38, 'core': 45}, '139996771522304': {'num_run': 38, 'core': 15}, '139996763129600': {'num_run': 38, 'core': 11}, '139996754736896': {'num_run': 38, 'core': 35}}}","[{'float': [1, 32, 200, 148, 8]}, {'float': [1, 32, 200, 148, 8]}]",0,60620800,84,30310400,CPUExecutionProvider,"[{'float': [1, 32, 200, 148, 8]}]"
163,Node,11178,11178,0,597759,X,Add_9_fence_after,Add,,,,,,,,
164,Node,11178,11178,0,597769,X,Reshape_gme_119_fence_before,Reshape,,,,,,,,
165,Node,11178,11178,26,597770,X,Reshape_gme_119,Reshape,"{'main_thread': {'thread_pool_name': 'intra-op', 'thread_id': '139998972729152', 'block_size': [], 'core': 8, 'Distribution': 0, 'DistributionEnqueue': 0, 'Run': 0, 'Wait': 0, 'WaitRevoke': 0}, 'sub_threads': {'139996796700416': {'num_run': 38, 'core': 40}, '139996788307712': {'num_run': 38, 'core': 32}, '139996645697280': {'num_run': 38, 'core': 21}, '139996779915008': {'num_run': 38, 'core': 45}, '139996771522304': {'num_run': 38, 'core': 15}, '139996763129600': {'num_run': 38, 'core': 11}, '139996754736896': {'num_run': 38, 'core': 35}}}","[{'float': [1, 32, 200, 148, 8]}, {'int64': [4]}]",32,30310400,165,30310400,CPUExecutionProvider,"[{'float': [1, 256, 200, 148]}]"
166,Node,11178,11178,0,597800,X,Reshape_gme_119_fence_after,Reshape,,,,,,,,
167,Node,11178,11178,0,597802,X,Resize_nchwc_gme_136_fence_before,Upsample,,,,,,,,
168,Node,11178,11178,53829,597803,X,Resize_nchwc_gme_136,Upsample,"{'main_thread': {'thread_pool_name': 'intra-op', 'thread_id': '139998972729152', 'block_size': [], 'core': 8, 'Distribution': 0, 'DistributionEnqueue': 0, 'Run': 0, 'Wait': 0, 'WaitRevoke': 0}, 'sub_threads': {'139996796700416': {'num_run': 38, 'core': 40}, '139996788307712': {'num_run': 38, 'core': 32}, '139996645697280': {'num_run': 38, 'core': 21}, '139996779915008': {'num_run': 38, 'core': 45}, '139996771522304': {'num_run': 38, 'core': 15}, '139996763129600': {'num_run': 38, 'core': 11}, '139996754736896': {'num_run': 38, 'core': 35}}}","[{'float': [1, 256, 200, 148]}]",0,30310400,172,121241600,CPUExecutionProvider,"[{'float': [1, 256, 400, 296]}]"
169,Node,11178,11178,0,651644,X,Resize_nchwc_gme_136_fence_after,Upsample,,,,,,,,
170,Node,11178,11178,0,651651,X,Reshape_gme_144_fence_before,Reshape,,,,,,,,
171,Node,11178,11178,26,651652,X,Reshape_gme_144,Reshape,"{'main_thread': {'thread_pool_name': 'intra-op', 'thread_id': '139998972729152', 'block_size': [], 'core': 8, 'Distribution': 0, 'DistributionEnqueue': 0, 'Run': 0, 'Wait': 0, 'WaitRevoke': 0}, 'sub_threads': {'139996796700416': {'num_run': 38, 'core': 40}, '139996788307712': {'num_run': 38, 'core': 32}, '139996645697280': {'num_run': 38, 'core': 21}, '139996779915008': {'num_run': 38, 'core': 45}, '139996771522304': {'num_run': 38, 'core': 15}, '139996763129600': {'num_run': 38, 'core': 11}, '139996754736896': {'num_run': 38, 'core': 35}}}","[{'float': [1, 256, 400, 296]}, {'int64': [5]}]",40,121241600,175,121241600,CPUExecutionProvider,"[{'float': [1, 32, 400, 296, 8]}]"
172,Node,11178,11178,0,651682,X,Reshape_gme_144_fence_after,Reshape,,,,,,,,
173,Node,11178,11178,0,651684,X,Conv_nchwc_gme_139_fence_before,Conv,,,,,,,,
174,Node,11178,11178,16792,651685,X,Conv_nchwc_gme_139,Conv,"{'main_thread': {'thread_pool_name': 'intra-op', 'thread_id': '139998972729152', 'block_size': [1], 'core': 8, 'Distribution': 2, 'DistributionEnqueue': 1, 'Run': 16450, 'Wait': 247, 'WaitRevoke': 1}, 'sub_threads': {'139996796700416': {'num_run': 39, 'core': 40}, '139996788307712': {'num_run': 39, 'core': 24}, '139996645697280': {'num_run': 39, 'core': 21}, '139996779915008': {'num_run': 39, 'core': 45}, '139996771522304': {'num_run': 39, 'core': 15}, '139996763129600': {'num_run': 39, 'core': 11}, '139996754736896': {'num_run': 39, 'core': 35}}}","[{'float': [1, 64, 400, 296]}, {'float': [256, 64, 1, 1]}]",65536,30310400,173,121241600,CPUExecutionProvider,"[{'float': [1, 256, 400, 296]}]"
175,Node,11178,11178,0,668485,X,Conv_nchwc_gme_139_fence_after,Conv,,,,,,,,
176,Node,11178,11178,2,668495,X,Reshape_gme_142_fence_before,Reshape,,,,,,,,
177,Node,11178,11178,24,668498,X,Reshape_gme_142,Reshape,"{'main_thread': {'thread_pool_name': 'intra-op', 'thread_id': '139998972729152', 'block_size': [], 'core': 8, 'Distribution': 0, 'DistributionEnqueue': 0, 'Run': 0, 'Wait': 0, 'WaitRevoke': 0}, 'sub_threads': {'139996796700416': {'num_run': 39, 'core': 40}, '139996788307712': {'num_run': 39, 'core': 24}, '139996645697280': {'num_run': 39, 'core': 21}, '139996779915008': {'num_run': 39, 'core': 45}, '139996771522304': {'num_run': 39, 'core': 15}, '139996763129600': {'num_run': 39, 'core': 11}, '139996754736896': {'num_run': 39, 'core': 35}}}","[{'float': [1, 256, 400, 296]}, {'int64': [5]}]",40,121241600,174,121241600,CPUExecutionProvider,"[{'float': [1, 32, 400, 296, 8]}]"
178,Node,11178,11178,0,668526,X,Reshape_gme_142_fence_after,Reshape,,,,,,,,
179,Node,11178,11178,0,668528,X,Add_10_fence_before,Add,,,,,,,,
180,Node,11178,11178,12063,668529,X,Add_10,Add,"{'main_thread': {'thread_pool_name': 'intra-op', 'thread_id': '139998972729152', 'block_size': [947200], 'core': 8, 'Distribution': 1, 'DistributionEnqueue': 0, 'Run': 11781, 'Wait': 190, 'WaitRevoke': 0}, 'sub_threads': {'139996796700416': {'num_run': 40, 'core': 40}, '139996788307712': {'num_run': 40, 'core': 24}, '139996645697280': {'num_run': 40, 'core': 21}, '139996779915008': {'num_run': 40, 'core': 45}, '139996771522304': {'num_run': 40, 'core': 15}, '139996763129600': {'num_run': 40, 'core': 11}, '139996754736896': {'num_run': 40, 'core': 35}}}","[{'float': [1, 32, 400, 296, 8]}, {'float': [1, 32, 400, 296, 8]}]",0,242483200,86,121241600,CPUExecutionProvider,"[{'float': [1, 32, 400, 296, 8]}]"
181,Node,11178,11178,0,680601,X,Add_10_fence_after,Add,,,,,,,,
182,Node,11178,11178,5,696682,X,Reshape_gme_146_fence_before,Reshape,,,,,,,,
183,Node,11178,11178,55,696697,X,Reshape_gme_146,Reshape,"{'main_thread': {'thread_pool_name': 'intra-op', 'thread_id': '139998972729152', 'block_size': [], 'core': 8, 'Distribution': 0, 'DistributionEnqueue': 0, 'Run': 0, 'Wait': 0, 'WaitRevoke': 0}, 'sub_threads': {'139996796700416': {'num_run': 40, 'core': 40}, '139996788307712': {'num_run': 40, 'core': 24}, '139996645697280': {'num_run': 40, 'core': 21}, '139996779915008': {'num_run': 40, 'core': 45}, '139996771522304': {'num_run': 40, 'core': 15}, '139996763129600': {'num_run': 40, 'core': 11}, '139996754736896': {'num_run': 40, 'core': 35}}}","[{'float': [1, 32, 400, 296, 8]}, {'int64': [4]}]",32,121241600,176,121241600,CPUExecutionProvider,"[{'float': [1, 256, 400, 296]}]"
184,Node,11178,11178,0,696756,X,Reshape_gme_146_fence_after,Reshape,,,,,,,,
185,Node,11178,11178,0,696759,X,Conv_nchwc_gme_149_fence_before,Conv,,,,,,,,
186,Node,11178,11178,66380,696760,X,Conv_nchwc_gme_149,Conv,"{'main_thread': {'thread_pool_name': 'intra-op', 'thread_id': '139998972729152', 'block_size': [1], 'core': 8, 'Distribution': 2, 'DistributionEnqueue': 1, 'Run': 66151, 'Wait': 138, 'WaitRevoke': 1}, 'sub_threads': {'139996796700416': {'num_run': 41, 'core': 40}, '139996788307712': {'num_run': 41, 'core': 24}, '139996645697280': {'num_run': 41, 'core': 21}, '139996779915008': {'num_run': 41, 'core': 45}, '139996771522304': {'num_run': 41, 'core': 15}, '139996763129600': {'num_run': 41, 'core': 11}, '139996754736896': {'num_run': 41, 'core': 35}}}","[{'float': [1, 256, 400, 296]}, {'float': [64, 256, 3, 3]}]",589824,121241600,177,30310400,CPUExecutionProvider,"[{'float': [1, 64, 400, 296]}]"
187,Node,11178,11178,0,763150,X,Conv_nchwc_gme_149_fence_after,Conv,,,,,,,,
188,Node,11178,11178,3,771583,X,Conv_nchwc_gme_132_fence_before,Conv,,,,,,,,
189,Node,11178,11178,1269,771594,X,Conv_nchwc_gme_132,Conv,"{'main_thread': {'thread_pool_name': 'intra-op', 'thread_id': '139998972729152', 'block_size': [1], 'core': 8, 'Distribution': 3, 'DistributionEnqueue': 2, 'Run': 1140, 'Wait': 22, 'WaitRevoke': 0}, 'sub_threads': {'139996796700416': {'num_run': 42, 'core': 40}, '139996788307712': {'num_run': 42, 'core': 24}, '139996645697280': {'num_run': 42, 'core': 21}, '139996779915008': {'num_run': 42, 'core': 45}, '139996771522304': {'num_run': 42, 'core': 15}, '139996763129600': {'num_run': 42, 'core': 11}, '139996754736896': {'num_run': 42, 'core': 35}}}","[{'float': [1, 256, 50, 37]}, {'float': [64, 256, 3, 3]}]",589824,1894400,170,473600,CPUExecutionProvider,"[{'float': [1, 64, 50, 37]}]"
190,Node,11178,11178,0,772869,X,Conv_nchwc_gme_132_fence_after,Conv,,,,,,,,
191,Node,11178,11178,0,772875,X,Resize_nchwc_gme_134_fence_before,Upsample,,,,,,,,
192,Node,11178,11178,15230,772877,X,Resize_nchwc_gme_134,Upsample,"{'main_thread': {'thread_pool_name': 'intra-op', 'thread_id': '139998972729152', 'block_size': [], 'core': 8, 'Distribution': 0, 'DistributionEnqueue': 0, 'Run': 0, 'Wait': 0, 'WaitRevoke': 0}, 'sub_threads': {'139996796700416': {'num_run': 42, 'core': 40}, '139996788307712': {'num_run': 42, 'core': 24}, '139996645697280': {'num_run': 42, 'core': 21}, '139996779915008': {'num_run': 42, 'core': 45}, '139996771522304': {'num_run': 42, 'core': 15}, '139996763129600': {'num_run': 42, 'core': 11}, '139996754736896': {'num_run': 42, 'core': 35}}}","[{'float': [1, 64, 50, 37]}]",0,473600,171,30310400,CPUExecutionProvider,"[{'float': [1, 64, 400, 296]}]"
193,Node,11178,11178,0,788117,X,Resize_nchwc_gme_134_fence_after,Upsample,,,,,,,,
194,Node,11178,11178,1,788128,X,Conv_nchwc_gme_127_fence_before,Conv,,,,,,,,
195,Node,11178,11178,4324,788130,X,Conv_nchwc_gme_127,Conv,"{'main_thread': {'thread_pool_name': 'intra-op', 'thread_id': '139998972729152', 'block_size': [1], 'core': 8, 'Distribution': 2, 'DistributionEnqueue': 1, 'Run': 4208, 'Wait': 62, 'WaitRevoke': 1}, 'sub_threads': {'139996796700416': {'num_run': 43, 'core': 40}, '139996788307712': {'num_run': 43, 'core': 24}, '139996645697280': {'num_run': 43, 'core': 21}, '139996779915008': {'num_run': 43, 'core': 45}, '139996771522304': {'num_run': 43, 'core': 15}, '139996763129600': {'num_run': 43, 'core': 11}, '139996754736896': {'num_run': 43, 'core': 35}}}","[{'float': [1, 256, 100, 74]}, {'float': [64, 256, 3, 3]}]",589824,7577600,168,1894400,CPUExecutionProvider,"[{'float': [1, 64, 100, 74]}]"
196,Node,11178,11178,0,792460,X,Conv_nchwc_gme_127_fence_after,Conv,,,,,,,,
197,Node,11178,11178,0,792466,X,Resize_nchwc_gme_129_fence_before,Upsample,,,,,,,,
198,Node,11178,11178,13480,792468,X,Resize_nchwc_gme_129,Upsample,"{'main_thread': {'thread_pool_name': 'intra-op', 'thread_id': '139998972729152', 'block_size': [], 'core': 8, 'Distribution': 0, 'DistributionEnqueue': 0, 'Run': 0, 'Wait': 0, 'WaitRevoke': 0}, 'sub_threads': {'139996796700416': {'num_run': 43, 'core': 40}, '139996788307712': {'num_run': 43, 'core': 24}, '139996645697280': {'num_run': 43, 'core': 21}, '139996779915008': {'num_run': 43, 'core': 45}, '139996771522304': {'num_run': 43, 'core': 15}, '139996763129600': {'num_run': 43, 'core': 11}, '139996754736896': {'num_run': 43, 'core': 35}}}","[{'float': [1, 64, 100, 74]}]",0,1894400,169,30310400,CPUExecutionProvider,"[{'float': [1, 64, 400, 296]}]"
199,Node,11178,11178,0,805958,X,Resize_nchwc_gme_129_fence_after,Upsample,,,,,,,,
200,Node,11178,11178,4,805969,X,Conv_nchwc_gme_122_fence_before,Conv,,,,,,,,
201,Node,11178,11178,16895,805975,X,Conv_nchwc_gme_122,Conv,"{'main_thread': {'thread_pool_name': 'intra-op', 'thread_id': '139998972729152', 'block_size': [1], 'core': 8, 'Distribution': 2, 'DistributionEnqueue': 1, 'Run': 16682, 'Wait': 103, 'WaitRevoke': 1}, 'sub_threads': {'139996796700416': {'num_run': 44, 'core': 40}, '139996788307712': {'num_run': 44, 'core': 24}, '139996645697280': {'num_run': 44, 'core': 21}, '139996779915008': {'num_run': 44, 'core': 45}, '139996771522304': {'num_run': 44, 'core': 15}, '139996763129600': {'num_run': 44, 'core': 11}, '139996754736896': {'num_run': 44, 'core': 35}}}","[{'float': [1, 256, 200, 148]}, {'float': [64, 256, 3, 3]}]",589824,30310400,166,7577600,CPUExecutionProvider,"[{'float': [1, 64, 200, 148]}]"
202,Node,11178,11178,0,822880,X,Conv_nchwc_gme_122_fence_after,Conv,,,,,,,,
203,Node,11178,11178,0,822892,X,Resize_nchwc_gme_124_fence_before,Upsample,,,,,,,,
204,Node,11178,11178,13735,822893,X,Resize_nchwc_gme_124,Upsample,"{'main_thread': {'thread_pool_name': 'intra-op', 'thread_id': '139998972729152', 'block_size': [], 'core': 8, 'Distribution': 0, 'DistributionEnqueue': 0, 'Run': 0, 'Wait': 0, 'WaitRevoke': 0}, 'sub_threads': {'139996796700416': {'num_run': 44, 'core': 40}, '139996788307712': {'num_run': 44, 'core': 24}, '139996645697280': {'num_run': 44, 'core': 21}, '139996779915008': {'num_run': 44, 'core': 45}, '139996771522304': {'num_run': 44, 'core': 15}, '139996763129600': {'num_run': 44, 'core': 11}, '139996754736896': {'num_run': 44, 'core': 35}}}","[{'float': [1, 64, 200, 148]}]",0,7577600,167,30310400,CPUExecutionProvider,"[{'float': [1, 64, 400, 296]}]"
205,Node,11178,11178,0,836639,X,Resize_nchwc_gme_124_fence_after,Upsample,,,,,,,,
206,Node,11178,11178,2,836650,X,Concat_0_fence_before,Concat,,,,,,,,
207,Node,11178,11178,13367,836654,X,Concat_0,Concat,"{'main_thread': {'thread_pool_name': 'intra-op', 'thread_id': '139998972729152', 'block_size': [236800, 236800, 236800, 236800], 'core': 8, 'Distribution': 7, 'DistributionEnqueue': 2, 'Run': 13067, 'Wait': 150, 'WaitRevoke': 2}, 'sub_threads': {'139996796700416': {'num_run': 48, 'core': 40}, '139996788307712': {'num_run': 48, 'core': 24}, '139996645697280': {'num_run': 48, 'core': 21}, '139996779915008': {'num_run': 48, 'core': 45}, '139996771522304': {'num_run': 48, 'core': 15}, '139996763129600': {'num_run': 48, 'core': 11}, '139996754736896': {'num_run': 48, 'core': 35}}}","[{'float': [1, 64, 400, 296]}, {'float': [1, 64, 400, 296]}, {'float': [1, 64, 400, 296]}, {'float': [1, 64, 400, 296]}]",0,121241600,94,121241600,CPUExecutionProvider,"[{'float': [1, 256, 400, 296]}]"
208,Node,11178,11178,0,850032,X,Concat_0_fence_after,Concat,,,,,,,,
209,Node,11178,11178,3,858734,X,FusedConv_nchwc_gme_153_fence_before,Conv,,,,,,,,
210,Node,11178,11178,67041,858747,X,FusedConv_nchwc_gme_153,Conv,"{'main_thread': {'thread_pool_name': 'intra-op', 'thread_id': '139998972729152', 'block_size': [1], 'core': 16, 'Distribution': 2, 'DistributionEnqueue': 1, 'Run': 66855, 'Wait': 71, 'WaitRevoke': 1}, 'sub_threads': {'139996796700416': {'num_run': 49, 'core': 40}, '139996788307712': {'num_run': 49, 'core': 24}, '139996645697280': {'num_run': 49, 'core': 21}, '139996779915008': {'num_run': 49, 'core': 45}, '139996771522304': {'num_run': 49, 'core': 15}, '139996763129600': {'num_run': 49, 'core': 11}, '139996754736896': {'num_run': 49, 'core': 35}}}","[{'float': [1, 256, 400, 296]}, {'float': [64, 256, 3, 3]}, {'float': [64]}]",590080,121241600,178,30310400,CPUExecutionProvider,"[{'float': [1, 64, 400, 296]}]"
211,Node,11178,11178,0,925797,X,FusedConv_nchwc_gme_153_fence_after,Conv,,,,,,,,
212,Node,11178,11178,4,934318,X,ReorderOutput_fence_before,ReorderOutput,,,,,,,,
213,Node,11178,11178,18366,934329,X,ReorderOutput,ReorderOutput,"{'main_thread': {'thread_pool_name': 'intra-op', 'thread_id': '139998972729152', 'block_size': [], 'core': 16, 'Distribution': 0, 'DistributionEnqueue': 0, 'Run': 0, 'Wait': 0, 'WaitRevoke': 0}, 'sub_threads': {'139996796700416': {'num_run': 49, 'core': 40}, '139996788307712': {'num_run': 49, 'core': 24}, '139996645697280': {'num_run': 49, 'core': 21}, '139996779915008': {'num_run': 49, 'core': 45}, '139996771522304': {'num_run': 49, 'core': 15}, '139996763129600': {'num_run': 49, 'core': 11}, '139996754736896': {'num_run': 49, 'core': 35}}}","[{'float': [1, 64, 400, 296]}]",0,30310400,179,30310400,CPUExecutionProvider,"[{'float': [1, 64, 400, 296]}]"
214,Node,11178,11178,0,952705,X,ReorderOutput_fence_after,ReorderOutput,,,,,,,,
215,Node,11178,11178,0,952717,X,ConvTranspose_0_fence_before,ConvTranspose,,,,,,,,
216,Node,11178,11178,104107,952719,X,ConvTranspose_0,ConvTranspose,"{'main_thread': {'thread_pool_name': 'intra-op', 'thread_id': '139998972729152', 'block_size': [1], 'core': 16, 'Distribution': 3, 'DistributionEnqueue': 1, 'Run': 17869, 'Wait': 408, 'WaitRevoke': 1}, 'sub_threads': {'139996796700416': {'num_run': 50, 'core': 40}, '139996788307712': {'num_run': 50, 'core': 24}, '139996645697280': {'num_run': 50, 'core': 21}, '139996779915008': {'num_run': 50, 'core': 45}, '139996771522304': {'num_run': 50, 'core': 15}, '139996763129600': {'num_run': 50, 'core': 11}, '139996754736896': {'num_run': 50, 'core': 35}}}","[{'float': [1, 64, 400, 296]}]",0,30310400,98,121241600,CPUExecutionProvider,"[{'float': [1, 64, 800, 592]}]"
217,Node,11178,11178,0,1056855,X,ConvTranspose_0_fence_after,ConvTranspose,,,,,,,,
218,Node,11178,11178,0,1056868,X,Add_11_fence_before,Add,,,,,,,,
219,Node,11178,11178,13531,1056870,X,Add_11,Add,"{'main_thread': {'thread_pool_name': 'intra-op', 'thread_id': '139998972729152', 'block_size': [2], 'core': 16, 'Distribution': 18, 'DistributionEnqueue': 17, 'Run': 12736, 'Wait': 662, 'WaitRevoke': 1}, 'sub_threads': {'139996796700416': {'num_run': 51, 'core': 40}, '139996788307712': {'num_run': 51, 'core': 24}, '139996645697280': {'num_run': 51, 'core': 21}, '139996779915008': {'num_run': 51, 'core': 45}, '139996771522304': {'num_run': 51, 'core': 15}, '139996763129600': {'num_run': 51, 'core': 11}, '139996754736896': {'num_run': 51, 'core': 35}}}","[{'float': [1, 64, 800, 592]}, {'float': [1, 64, 1, 1]}]",256,121241600,100,121241600,CPUExecutionProvider,"[{'float': [1, 64, 800, 592]}]"
220,Node,11178,11178,0,1070409,X,Add_11_fence_after,Add,,,,,,,,
221,Node,11178,11178,2,1077695,X,BatchNormalization_24_fence_before,BatchNormalization,,,,,,,,
222,Node,11178,11178,55853,1077702,X,BatchNormalization_24,BatchNormalization,"{'main_thread': {'thread_pool_name': 'intra-op', 'thread_id': '139998972729152', 'block_size': [], 'core': 16, 'Distribution': 0, 'DistributionEnqueue': 0, 'Run': 0, 'Wait': 0, 'WaitRevoke': 0}, 'sub_threads': {'139996796700416': {'num_run': 51, 'core': 40}, '139996788307712': {'num_run': 51, 'core': 24}, '139996645697280': {'num_run': 51, 'core': 21}, '139996779915008': {'num_run': 51, 'core': 45}, '139996771522304': {'num_run': 51, 'core': 15}, '139996763129600': {'num_run': 51, 'core': 11}, '139996754736896': {'num_run': 51, 'core': 35}}}","[{'float': [1, 64, 800, 592]}, {'float': [64]}, {'float': [64]}, {'float': [64]}, {'float': [64]}]",1024,121241600,101,121241600,CPUExecutionProvider,"[{'float': [1, 64, 800, 592]}]"
223,Node,11178,11178,0,1133566,X,BatchNormalization_24_fence_after,BatchNormalization,,,,,,,,
224,Node,11178,11178,1,1141988,X,Relu_20_fence_before,Relu,,,,,,,,
225,Node,11178,11178,13178,1141994,X,Relu_20,Relu,"{'main_thread': {'thread_pool_name': 'intra-op', 'thread_id': '139998972729152', 'block_size': [947200], 'core': 16, 'Distribution': 20, 'DistributionEnqueue': 19, 'Run': 12458, 'Wait': 595, 'WaitRevoke': 0}, 'sub_threads': {'139996796700416': {'num_run': 52, 'core': 40}, '139996788307712': {'num_run': 52, 'core': 24}, '139996645697280': {'num_run': 52, 'core': 21}, '139996779915008': {'num_run': 52, 'core': 45}, '139996771522304': {'num_run': 52, 'core': 15}, '139996763129600': {'num_run': 52, 'core': 11}, '139996754736896': {'num_run': 52, 'core': 35}}}","[{'float': [1, 64, 800, 592]}]",0,121241600,102,121241600,CPUExecutionProvider,"[{'float': [1, 64, 800, 592]}]"
226,Node,11178,11178,0,1155181,X,Relu_20_fence_after,Relu,,,,,,,,
227,Node,11178,11178,2,1162059,X,ConvTranspose_1_fence_before,ConvTranspose,,,,,,,,
228,Node,11178,11178,6279,1162067,X,ConvTranspose_1,ConvTranspose,"{'main_thread': {'thread_pool_name': 'intra-op', 'thread_id': '139998972729152', 'block_size': [1], 'core': 16, 'Distribution': 2, 'DistributionEnqueue': 1, 'Run': 3453, 'Wait': 1, 'WaitRevoke': 0}, 'sub_threads': {'139996796700416': {'num_run': 53, 'core': 40}, '139996788307712': {'num_run': 53, 'core': 24}, '139996645697280': {'num_run': 53, 'core': 21}, '139996779915008': {'num_run': 53, 'core': 45}, '139996771522304': {'num_run': 53, 'core': 15}, '139996763129600': {'num_run': 53, 'core': 11}, '139996754736896': {'num_run': 53, 'core': 35}}}","[{'float': [1, 64, 800, 592]}]",0,121241600,103,7577600,CPUExecutionProvider,"[{'float': [1, 1, 1600, 1184]}]"
229,Node,11178,11178,0,1168355,X,ConvTranspose_1_fence_after,ConvTranspose,,,,,,,,
230,Node,11178,11178,3,1176596,X,Add_12_fence_before,Add,,,,,,,,
231,Node,11178,11178,573,1176605,X,Add_12,Add,"{'main_thread': {'thread_pool_name': 'intra-op', 'thread_id': '139998972729152', 'block_size': [59200], 'core': 16, 'Distribution': 2, 'DistributionEnqueue': 1, 'Run': 481, 'Wait': 11, 'WaitRevoke': 1}, 'sub_threads': {'139996796700416': {'num_run': 54, 'core': 40}, '139996788307712': {'num_run': 54, 'core': 24}, '139996645697280': {'num_run': 54, 'core': 21}, '139996779915008': {'num_run': 54, 'core': 45}, '139996771522304': {'num_run': 54, 'core': 15}, '139996763129600': {'num_run': 54, 'core': 11}, '139996754736896': {'num_run': 54, 'core': 35}}}","[{'float': [1, 1, 1600, 1184]}, {'float': [1, 1, 1, 1]}]",4,7577600,105,7577600,CPUExecutionProvider,"[{'float': [1, 1, 1600, 1184]}]"
232,Node,11178,11178,0,1177185,X,Add_12_fence_after,Add,,,,,,,,
233,Node,11178,11178,0,1177190,X,Sigmoid_0_fence_before,Sigmoid,,,,,,,,
234,Node,11178,11178,258,1177192,X,Sigmoid_0,Sigmoid,"{'main_thread': {'thread_pool_name': 'intra-op', 'thread_id': '139998972729152', 'block_size': [59200], 'core': 16, 'Distribution': 1, 'DistributionEnqueue': 0, 'Run': 180, 'Wait': 36, 'WaitRevoke': 0}, 'sub_threads': {'139996796700416': {'num_run': 55, 'core': 40}, '139996788307712': {'num_run': 55, 'core': 24}, '139996645697280': {'num_run': 55, 'core': 21}, '139996779915008': {'num_run': 55, 'core': 45}, '139996771522304': {'num_run': 55, 'core': 15}, '139996763129600': {'num_run': 55, 'core': 11}, '139996754736896': {'num_run': 55, 'core': 35}}}","[{'float': [1, 1, 1600, 1184]}]",0,7577600,106,7577600,CPUExecutionProvider,"[{'float': [1, 1, 1600, 1184]}]"
235,Node,11178,11178,0,1177456,X,Sigmoid_0_fence_after,Sigmoid,,,,,,,,
236,Session,11178,11178,1016520,160939,X,SequentialExecutor::Execute,,,,,,,,,
237,Session,11178,11178,1016572,160909,X,model_run,,,,,,,,,
